subreddit,id,title,score,num_comments,url,created_utc
politics,1n7osgn,"Call Me Crazy, but I for One Still Want to Know if the President Committed Depraved Sex Crimes",30675,656,https://slate.com/news-and-politics/2025/09/trump-epstein-files-discharge-petition-democrats-republicans.html,1756928551.0
politics,1n7vwef,Nancy Mace Turns Back on Epstein Survivors to Defend Trump,4366,390,https://newrepublic.com/post/199971/nancy-mace-jeffrey-epstein-survivors-donald-trump?utm_source=Facebook&utm_campaign=SF_TNR&utm_medium=social&fbclid=IwdGRleAMluTJjbGNrAyW1KmV4dG4DYWVtAjExAAEe8lZFlVZxy48J1CNnfulNCiFG90_5_oq6oR2ulDOKZPCQuSecZeKmqCqcvW8_aem_dSRYNsJ6wuhJ49SBIVRf_A,1756946035.0
politics,1n7u4w0,Donald Trump Is Going Down—and He Knows It,3831,645,https://www.thedailybeast.com/donald-trump-is-going-downand-he-knows-it/,1756941295.0
politics,1n7rjgc,"Trump, Who Campaigned on Releasing Epstein Files, Gets Roasted for Calling Them a ‘Democrat Hoax’",5298,117,https://www.huffpost.com/entry/trump-mocked-for-calling-epstein-files-scandal-democrat-hoax_n_68b895bde4b0e9fcc5f3ef39,1756934866.0
politics,1n7inhd,Jeffrey Epstein Victims Reveal They’re Compiling Own Client List,30821,585,https://www.thedailybeast.com/jeffrey-epstein-victims-reveal-theyre-compiling-own-client-list/,1756914976.0
politics,1n7knhc,"MTG warns Epstein clients she’ll ‘say every damn name’ on House floor as she tells sex abuse victims, ‘Give me a list’",10617,446,https://www.the-independent.com/news/world/americas/us-politics/marjorie-taylor-greene-epstein-files-clients-name-b2819459.html,1756919331.0
politics,1n7klqn,"If Trump loses his tariff lawsuit, America may have to refund businesses more than $200 billion",9967,735,https://www.cnn.com/2025/09/03/economy/trump-tariff-refund,1756919222.0
politics,1n7ktyv,Trump Drowns Out Emotional Epstein Victims Rally With Noisy Flyover,8194,496,https://www.thedailybeast.com/trump-drowns-out-emotional-epstein-victims-rally-with-noisy-flyover/,1756919732.0
politics,1n7n4up,"Release Epstein client list or we will, survivors tell government",5292,211,https://www.thetimes.com/us/news-today/article/survivors-jeffrey-epstein-press-conference-files-rtbd7vgmd,1756924834.0
politics,1n7fuwn,Nancy Mace 'had full-blown panic attack' after meeting Epstein survivors,13881,886,https://www.newsweek.com/nancy-mace-panic-attack-jeffrey-epstein-2123575,1756908603.0
politics,1n7gdv8,Three Republicans Defy Trump and Back Bill to Release Epstein Files,9258,209,https://newrepublic.com/post/199917/republicans-defy-trump-back-bill-release-epstein-files?utm_medium=social&utm_source=Twitter&utm_term=Autofeed&utm_campaign=SF_TNR,1756909849.0
politics,1n7daen,Frantic Trump Tries to Kill Vote to Force Open Epstein Files,16984,556,https://www.thedailybeast.com/frantic-trump-tries-to-kill-vote-to-force-open-epstein-files/,1756902070.0
politics,1n7e7in,"More than 1,000 HHS staff call on RFK Jr. to resign",13088,188,https://thehill.com/policy/healthcare/5483021-hhs-employees-call-for-rfk-resignation/,1756904549.0
politics,1n7cm0w,HHS employees demand RFK Jr. resign for ‘compromising the health of this nation’,21242,366,https://www.cnn.com/2025/09/03/health/hhs-employees-letter-rfk-jr,1756900102.0
politics,1n7q2oa,Judge voids $2.2 billion Harvard funding freeze by Trump administration,2454,42,https://www.cnbc.com/2025/09/03/trump-harvard-funding-freeze-court.html,1756931467.0
politics,1n7g1y2,‘Sandwich man’ gets off: DC jury nullification in the age of Trump,7379,230,https://thehill.com/opinion/criminal-justice/5482449-the-sandwich-man-gets-off-jury-nullification-in-the-age-of-trump/,1756909061.0
politics,1n7e201,It’s time for Chuck Schumer and Hakeem Jeffries to step down,8246,716,https://www.theguardian.com/commentisfree/2025/sep/03/democrats-chuck-schumer-hakeem-jeffries?CMP=Share_iOSApp_Other,1756904164.0
politics,1n7dhbr,Massie: Trump ‘may be covering for some rich and powerful people’ in Epstein files,7928,461,https://thehill.com/homenews/house/5483247-massie-trump-epstein-files/,1756902603.0
PoliticalDiscussion,1n6zzvi,"Are Democratic Leaders Of Independent Redistricting States Failing To ""Meet This Moment""?",329,232,https://www.reddit.com/r/PoliticalDiscussion/comments/1n6zzvi/are_democratic_leaders_of_independent/,1756858096.0
PoliticalDiscussion,1n415bq,"Why has it been so difficult for Democrats to get ""over the hump"" in North Carolina?",205,136,https://www.reddit.com/r/PoliticalDiscussion/comments/1n415bq/why_has_it_been_so_difficult_for_democrats_to_get/,1756559097.0
PoliticalDiscussion,1n3h9ca,What do you think about Gavin Newsom's new social media campaign mocking Trump's posting style?,992,589,https://www.reddit.com/r/PoliticalDiscussion/comments/1n3h9ca/what_do_you_think_about_gavin_newsoms_new_social/,1756496754.0
PoliticalDiscussion,1n3f9s1,Does the US constitution need to be amended to ensure no future president can get this far or further into a dictatorship again or is the problem potus and congress are breaking existing laws?,574,327,https://www.reddit.com/r/PoliticalDiscussion/comments/1n3f9s1/does_the_us_constitution_need_to_be_amended_to/,1756492114.0
PoliticalDiscussion,1n2ycte,Is it possible for US to collapse like into parts like 1991 USSR?,182,292,https://www.reddit.com/r/PoliticalDiscussion/comments/1n2ycte/is_it_possible_for_us_to_collapse_like_into_parts/,1756443118.0
PoliticalDiscussion,1n2l8ia,"If JD Vance is the Republican nominee in 2028 and loses the election, will he certify his own loss?",615,250,https://www.reddit.com/r/PoliticalDiscussion/comments/1n2l8ia/if_jd_vance_is_the_republican_nominee_in_2028_and/,1756408105.0
PoliticalDiscussion,1n1u079,Is there any scenario where the U.S. military would intervene in politics if there is a real threat to the Constitution?,257,312,https://www.reddit.com/r/PoliticalDiscussion/comments/1n1u079/is_there_any_scenario_where_the_us_military_would/,1756330754.0
PoliticalDiscussion,1n37xll,Why should a sitting President be held to the same legal standard as a civilian when it comes to lying or spreading misinformation?,0,40,https://www.reddit.com/r/PoliticalDiscussion/comments/1n37xll/why_should_a_sitting_president_be_held_to_the/,1756475288.0
PoliticalDiscussion,1n1apvl,"Trump said today: “I have the right to do anything I want to do. I’m the president of the United States”. People from the US, what are your thoughts on this?",409,347,https://www.reddit.com/r/PoliticalDiscussion/comments/1n1apvl/trump_said_today_i_have_the_right_to_do_anything/,1756280459.0
PoliticalDiscussion,1n16f29,"In 1795, Chief Justice Jay resigned to serve as Governor of New York. In 1832, Vice President Calhoun resigned to serve in the Senate. Could such a thing happen today? Is there any scenario where a prominent politician could resign to serve a ""lesser"" role, or has politics become too nationalized?",55,26,https://www.reddit.com/r/PoliticalDiscussion/comments/1n16f29/in_1795_chief_justice_jay_resigned_to_serve_as/,1756265146.0
PoliticalDiscussion,1n1l2p6,Will the shooting at the Annunciation Catholic School in Minneapolis embolden Democrats to make gun control an issue in the 2026 midterms?,1,68,https://www.reddit.com/r/PoliticalDiscussion/comments/1n1l2p6/will_the_shooting_at_the_annunciation_catholic/,1756310556.0
PoliticalDiscussion,1n09ltj,"If allegations of mortgage fraud are cause for removal of Fed Governor Lisa Cook, would 34 felony counts of fraud be cause for removal of Trump?",407,61,https://www.reddit.com/r/PoliticalDiscussion/comments/1n09ltj/if_allegations_of_mortgage_fraud_are_cause_for/,1756173806.0
PoliticalDiscussion,1mzv1a2,"Trump has said the DOJ will be filing a lawsuit against California's redistricting effort. With a Republican majority on the Supreme Court, can this lawsuit actually prevent California from doing what Texas is doing, giving the Republicans a House advantage?",1300,267,https://www.reddit.com/r/PoliticalDiscussion/comments/1mzv1a2/trump_has_said_the_doj_will_be_filing_a_lawsuit/,1756138851.0
PoliticalDiscussion,1n0wgiu,Should potential 2028 Democratic hopeful make campaign promises to recognize a Palestinian state?,0,265,https://www.reddit.com/r/PoliticalDiscussion/comments/1n0wgiu/should_potential_2028_democratic_hopeful_make/,1756239051.0
PoliticalDiscussion,1mzn0u5,Is the rise of authoritarianism a systemic response to crises within liberal capitalism?,57,120,https://www.reddit.com/r/PoliticalDiscussion/comments/1mzn0u5/is_the_rise_of_authoritarianism_a_systemic/,1756118442.0
PoliticalDiscussion,1mz6m1w,What is the tone for the DNC and the RNC primary's going to be like?,97,167,https://www.reddit.com/r/PoliticalDiscussion/comments/1mz6m1w/what_is_the_tone_for_the_dnc_and_the_rnc_primarys/,1756067492.0
PoliticalDiscussion,1mzt9qg,How can U.S. voters influence the situation in Gaza?,0,116,https://www.reddit.com/r/PoliticalDiscussion/comments/1mzt9qg/how_can_us_voters_influence_the_situation_in_gaza/,1756134975.0
PoliticalDiscussion,1myv6j9,Can the Brownfield Problem Be Solved? What Are the Main Obstacles?,30,62,https://www.reddit.com/r/PoliticalDiscussion/comments/1myv6j9/can_the_brownfield_problem_be_solved_what_are_the/,1756041021.0
worldnews,1n7miac,Zelenskyy on rejecting 'territory swap': We will not give anything to Putin,23584,684,https://newsukraine.rbc.ua/news/zelenskyy-on-rejecting-territory-swap-we-1756909140.html,1756923430.0
worldnews,1n7lygq,Putin tells Ukraine: End war via talks or I will end it by force,5871,1056,https://www.reuters.com/world/europe/putin-tells-ukraine-end-war-via-talks-or-i-will-end-it-by-force-2025-09-03/,1756922224.0
worldnews,1n7fogj,Putin says he is ready to meet Zelenskiy in Moscow,17203,2231,https://www.reuters.com/world/europe/putin-says-he-is-ready-meet-zelenskiy-moscow-2025-09-03/,1756908174.0
worldnews,1n7pof1,"US military kills 11 people in strike on alleged drug boat from Venezuela, Trump says",2300,493,https://www.reuters.com/world/americas/us-military-kills-11-people-strike-alleged-drug-boat-venezuela-trump-says-2025-09-03/,1756930583.0
worldnews,1n7n846,Donald Trump teases deploying more US troops to Russia's doorstep,2550,208,https://www.newsweek.com/donald-trump-karol-nawrocki-poland-nato-russia-troops-2123971,1756925043.0
worldnews,1n7uxu6,Argentine police recover Nazi-looted painting spotted in property ad,694,25,https://www.france24.com/en/live-news/20250903-argentine-police-recover-nazi-looted-painting-spotted-in-property-ad,1756943404.0
worldnews,1n7xjv7,Project 2025 mastermind invited to speak at Carney's cabinet meeting,432,45,https://www.cbc.ca/news/politics/kevin-roberts-project-2025-carney-1.7624327,1756950702.0
worldnews,1n7e33e,"Trump says China conspiring against US with Putin, Kim meeting at military parade",4687,912,https://abcnews.go.com/Politics/trump-reacts-putin-kim-jong-xi-chinas-military/story?id=125201888,1756904243.0
worldnews,1n790i4,Xi and Putin overheard talking about organ transplants and immortality,15357,1206,https://www.abc.net.au/news/2025-09-03/xi-putin-overheard-talking-organ-transplants-immortality/105731084,1756887139.0
worldnews,1n7hw1z,Hamas prevents civilian evacuation from Gaza City,2681,514,https://www.jpost.com/israel-news/defense-news/article-866195,1756913285.0
worldnews,1n7kx2y,"Canada’s Alberta pauses book ban after schools remove Handmaid’s Tale, 1984 and other classics | Canada",1735,180,https://www.theguardian.com/world/2025/sep/03/canada-alberta-book-ban-pause,1756919929.0
worldnews,1n7pw8q,At least 15 dead in funicular accident in Lisbon,776,117,https://www.cbc.ca/news/world/lisbon-portugal-gloria-funicular-derails-deaths-1.7624366,1756931068.0
worldnews,1n7hx2y,Ukraine to open weapons factory in Denmark,1741,23,https://www.politico.eu/article/ukraine-to-open-arms-factory-fire-point-denmark-vojens/,1756913351.0
worldnews,1n7gxsu,Russia responds to Trump's 'conspiring' warning,1923,148,https://www.newsweek.com/russia-responds-trumps-conspiring-warning-2123579,1756911143.0
worldnews,1n79jse,US Pressuring Other Countries To Abandon Clean Energy & Climate Goals,6297,470,https://www.nytimes.com/2025/08/27/climate/trump-international-pressure-climate-oil.html,1756889315.0
worldnews,1n75466,"Xi Jinping says world faces ‘peace or war’, as Vladimir Putin and Kim Jong-un join him for military parade",16716,1867,https://www.theguardian.com/world/2025/sep/03/china-military-parade-xi-jinping-appears-with-vladimir-putin-kim-jong-un,1756872835.0
worldnews,1n7hoqc,"Russia Conscripting Abducted Ukrainian Children into Armed Forces, UK Intel Reports",983,33,https://united24media.com/latest-news/russia-conscripting-abducted-ukrainian-children-into-armed-forces-uk-intel-reports-11355?fbclid=PAdGRleAMlO9VleHRuA2FlbQIxMQABp6UpPB9LK7fcTXfhU4s2FA-cufKH6eRqi1fa8Xnb0I5d9gSOAOAytBqVpjNk_aem_pdaIw2TE-De_yq8AwFFzrQ,1756912831.0
worldnews,1n775ec,Putin has no reason to end the war or make a peace deal with Ukraine – Germany’s Merz,4452,207,https://www.pravda.com.ua/eng/news/2025/09/3/7529086/,1756879915.0
worldnews,1n7io83,Hegseth Signals More to Come After US Strike in Caribbean,637,188,https://www.bloomberg.com/news/articles/2025-09-03/hegseth-signals-more-to-come-after-us-strike-in-caribbean,1756915024.0
